<?xml version="1.0" encoding="UTF-8"?>
<!DOCTYPE topology SYSTEM "hwloc2.dtd">
<topology version="2.0">
  <object type="Machine" os_index="0" cpuset="0x000fffff" complete_cpuset="0x000fffff" allowed_cpuset="0x000fffff" nodeset="0x00000001" complete_nodeset="0x00000001" allowed_nodeset="0x00000001" gp_index="1">
    <info name="Backend" value="Synthetic"/>
    <info name="SyntheticDescription" value="pack:1 node:1 core:10 pu:2"/>
    <info name="hwlocVersion" value="2.11.2"/>
    <info name="ProcessName" value="hwloc-ls"/>
    <object type="Package" os_index="0" cpuset="0x000fffff" complete_cpuset="0x000fffff" nodeset="0x00000001" complete_nodeset="0x00000001" gp_index="34">
      <object type="NUMANode" os_index="0" cpuset="0x000fffff" complete_cpuset="0x000fffff" nodeset="0x00000001" complete_nodeset="0x00000001" gp_index="32" local_memory="1073741824">
        <page_type size="4096" count="262144"/>
      </object>
      <object type="Core" os_index="0" cpuset="0x00000003" complete_cpuset="0x00000003" nodeset="0x00000001" complete_nodeset="0x00000001" gp_index="4">
        <object type="PU" os_index="0" cpuset="0x00000001" complete_cpuset="0x00000001" nodeset="0x00000001" complete_nodeset="0x00000001" gp_index="2"/>
        <object type="PU" os_index="1" cpuset="0x00000002" complete_cpuset="0x00000002" nodeset="0x00000001" complete_nodeset="0x00000001" gp_index="3"/>
      </object>
      <object type="Core" os_index="1" cpuset="0x0000000c" complete_cpuset="0x0000000c" nodeset="0x00000001" complete_nodeset="0x00000001" gp_index="7">
        <object type="PU" os_index="2" cpuset="0x00000004" complete_cpuset="0x00000004" nodeset="0x00000001" complete_nodeset="0x00000001" gp_index="5"/>
        <object type="PU" os_index="3" cpuset="0x00000008" complete_cpuset="0x00000008" nodeset="0x00000001" complete_nodeset="0x00000001" gp_index="6"/>
      </object>
      <object type="Core" os_index="2" cpuset="0x00000030" complete_cpuset="0x00000030" nodeset="0x00000001" complete_nodeset="0x00000001" gp_index="10">
        <object type="PU" os_index="4" cpuset="0x00000010" complete_cpuset="0x00000010" nodeset="0x00000001" complete_nodeset="0x00000001" gp_index="8"/>
        <object type="PU" os_index="5" cpuset="0x00000020" complete_cpuset="0x00000020" nodeset="0x00000001" complete_nodeset="0x00000001" gp_index="9"/>
      </object>
      <object type="Core" os_index="3" cpuset="0x000000c0" complete_cpuset="0x000000c0" nodeset="0x00000001" complete_nodeset="0x00000001" gp_index="13">
        <object type="PU" os_index="6" cpuset="0x00000040" complete_cpuset="0x00000040" nodeset="0x00000001" complete_nodeset="0x00000001" gp_index="11"/>
        <object type="PU" os_index="7" cpuset="0x00000080" complete_cpuset="0x00000080" nodeset="0x00000001" complete_nodeset="0x00000001" gp_index="12"/>
      </object>
      <object type="Core" os_index="4" cpuset="0x00000300" complete_cpuset="0x00000300" nodeset="0x00000001" complete_nodeset="0x00000001" gp_index="16">
        <object type="PU" os_index="8" cpuset="0x00000100" complete_cpuset="0x00000100" nodeset="0x00000001" complete_nodeset="0x00000001" gp_index="14"/>
        <object type="PU" os_index="9" cpuset="0x00000200" complete_cpuset="0x00000200" nodeset="0x00000001" complete_nodeset="0x00000001" gp_index="15"/>
      </object>
      <object type="Core" os_index="5" cpuset="0x00000c00" complete_cpuset="0x00000c00" nodeset="0x00000001" complete_nodeset="0x00000001" gp_index="19">
        <object type="PU" os_index="10" cpuset="0x00000400" complete_cpuset="0x00000400" nodeset="0x00000001" complete_nodeset="0x00000001" gp_index="17"/>
        <object type="PU" os_index="11" cpuset="0x00000800" complete_cpuset="0x00000800" nodeset="0x00000001" complete_nodeset="0x00000001" gp_index="18"/>
      </object>
      <object type="Core" os_index="6" cpuset="0x00003000" complete_cpuset="0x00003000" nodeset="0x00000001" complete_nodeset="0x00000001" gp_index="22">
        <object type="PU" os_index="12" cpuset="0x00001000" complete_cpuset="0x00001000" nodeset="0x00000001" complete_nodeset="0x00000001" gp_index="20"/>
        <object type="PU" os_index="13" cpuset="0x00002000" complete_cpuset="0x00002000" nodeset="0x00000001" complete_nodeset="0x00000001" gp_index="21"/>
      </object>
      <object type="Core" os_index="7" cpuset="0x0000c000" complete_cpuset="0x0000c000" nodeset="0x00000001" complete_nodeset="0x00000001" gp_index="25">
        <object type="PU" os_index="14" cpuset="0x00004000" complete_cpuset="0x00004000" nodeset="0x00000001" complete_nodeset="0x00000001" gp_index="23"/>
        <object type="PU" os_index="15" cpuset="0x00008000" complete_cpuset="0x00008000" nodeset="0x00000001" complete_nodeset="0x00000001" gp_index="24"/>
      </object>
      <object type="Core" os_index="8" cpuset="0x00030000" complete_cpuset="0x00030000" nodeset="0x00000001" complete_nodeset="0x00000001" gp_index="28">
        <object type="PU" os_index="16" cpuset="0x00010000" complete_cpuset="0x00010000" nodeset="0x00000001" complete_nodeset="0x00000001" gp_index="26"/>
        <object type="PU" os_index="17" cpuset="0x00020000" complete_cpuset="0x00020000" nodeset="0x00000001" complete_nodeset="0x00000001" gp_index="27"/>
      </object>
      <object type="Core" os_index="9" cpuset="0x000c0000" complete_cpuset="0x000c0000" nodeset="0x00000001" complete_nodeset="0x00000001" gp_index="31">
        <object type="PU" os_index="18" cpuset="0x00040000" complete_cpuset="0x00040000" nodeset="0x00000001" complete_nodeset="0x00000001" gp_index="29"/>
        <object type="PU" os_index="19" cpuset="0x00080000" complete_cpuset="0x00080000" nodeset="0x00000001" complete_nodeset="0x00000001" gp_index="30"/>
      </object>
    </object>
  </object>
  <support name="discovery.pu"/>
  <support name="discovery.numa"/>
  <support name="discovery.numa_memory"/>
  <support name="custom.exported_support"/>
</topology>
