<?xml version="1.0" encoding="UTF-8"?>
<!DOCTYPE topology SYSTEM "hwloc2.dtd">
<topology version="2.0">
  <object type="Machine" os_index="0" cpuset="0x000000ff" complete_cpuset="0x000000ff" allowed_cpuset="0x000000ff" nodeset="0x00000003" complete_nodeset="0x00000003" allowed_nodeset="0x00000003" gp_index="1">
    <info name="Backend" value="Synthetic"/>
    <info name="SyntheticDescription" value="pack:1 node:2 core:2 pu:2"/>
    <info name="hwlocVersion" value="2.11.2"/>
    <info name="ProcessName" value="hwloc-ls"/>
    <object type="Package" os_index="0" cpuset="0x000000ff" complete_cpuset="0x000000ff" nodeset="0x00000003" complete_nodeset="0x00000003" gp_index="18">
      <object type="Group" cpuset="0x0000000f" complete_cpuset="0x0000000f" nodeset="0x00000001" complete_nodeset="0x00000001" gp_index="9" kind="1001" subkind="0">
        <object type="NUMANode" os_index="0" cpuset="0x0000000f" complete_cpuset="0x0000000f" nodeset="0x00000001" complete_nodeset="0x00000001" gp_index="8" local_memory="1073741824">
          <page_type size="4096" count="262144"/>
        </object>
        <object type="Core" os_index="0" cpuset="0x00000003" complete_cpuset="0x00000003" nodeset="0x00000001" complete_nodeset="0x00000001" gp_index="4">
          <object type="PU" os_index="4" cpuset="0x00000001" complete_cpuset="0x00000001" nodeset="0x00000001" complete_nodeset="0x00000001" gp_index="2"/>
          <object type="PU" os_index="1" cpuset="0x00000002" complete_cpuset="0x00000002" nodeset="0x00000001" complete_nodeset="0x00000001" gp_index="3"/>
        </object>
        <object type="Core" os_index="1" cpuset="0x0000000c" complete_cpuset="0x0000000c" nodeset="0x00000001" complete_nodeset="0x00000001" gp_index="7">
          <object type="PU" os_index="2" cpuset="0x00000004" complete_cpuset="0x00000004" nodeset="0x00000001" complete_nodeset="0x00000001" gp_index="5"/>
          <object type="PU" os_index="7" cpuset="0x00000008" complete_cpuset="0x00000008" nodeset="0x00000001" complete_nodeset="0x00000001" gp_index="6"/>
        </object>
      </object>
      <object type="Group" cpuset="0x000000f0" complete_cpuset="0x000000f0" nodeset="0x00000002" complete_nodeset="0x00000002" gp_index="17" kind="1001" subkind="0">
        <object type="NUMANode" os_index="1" cpuset="0x000000f0" complete_cpuset="0x000000f0" nodeset="0x00000002" complete_nodeset="0x00000002" gp_index="16" local_memory="1073741824">
          <page_type size="4096" count="262144"/>
        </object>
        <object type="Core" os_index="2" cpuset="0x00000030" complete_cpuset="0x00000030" nodeset="0x00000002" complete_nodeset="0x00000002" gp_index="12">
          <object type="PU" os_index="0" cpuset="0x00000010" complete_cpuset="0x00000010" nodeset="0x00000002" complete_nodeset="0x00000002" gp_index="10"/>
          <object type="PU" os_index="5" cpuset="0x00000020" complete_cpuset="0x00000020" nodeset="0x00000002" complete_nodeset="0x00000002" gp_index="11"/>
        </object>
        <object type="Core" os_index="3" cpuset="0x000000c0" complete_cpuset="0x000000c0" nodeset="0x00000002" complete_nodeset="0x00000002" gp_index="15">
          <object type="PU" os_index="6" cpuset="0x00000040" complete_cpuset="0x00000040" nodeset="0x00000002" complete_nodeset="0x00000002" gp_index="13"/>
          <object type="PU" os_index="3" cpuset="0x00000080" complete_cpuset="0x00000080" nodeset="0x00000002" complete_nodeset="0x00000002" gp_index="14"/>
        </object>
      </object>
    </object>
  </object>
  <support name="discovery.pu"/>
  <support name="discovery.numa"/>
  <support name="discovery.numa_memory"/>
  <support name="custom.exported_support"/>
</topology>
